,train,validation
0,1.2200813645182687,1.302902531405601
1,1.5859013477743065,2.493367042865395
2,3.140243158682474,2.5190320353898095
3,4.003968970270468,5.328271693704819
4,1.9030682612808074,1.5470368023773498
5,0.8642218445269558,1.2884875670228053
6,0.8267599805063102,1.3409789993383872
7,0.8137635144618356,1.391703649436201
8,0.7865724473163955,1.20762193169008
9,0.7468694572926188,1.2840045108947942
10,0.7261166302316286,1.2559124103135784
11,0.7128877645802592,1.2695364545449674
12,0.6988597965111579,1.208383056765096
13,0.6960272646487462,1.1615506032253455
14,0.6871230997713703,1.1920715256555263
15,0.6747397110483465,1.2011027822866223
16,0.6636917913854362,1.1743048871074888
17,0.6511086609857598,1.130031600740767
18,0.644774599893013,1.1077275486871523
19,0.6472657187273195,1.1563308649692015
20,0.6547224532363743,1.0049582362669416
21,0.6313359431201127,1.0036255970514578
22,0.6165682212691684,1.004549306613637
23,0.6071247701729344,0.9944238033611087
24,0.6271695715548696,1.1072976165220831
25,0.5968867422667065,0.9918295351536195
26,0.5892926749756803,0.9856714107798965
27,0.5854089755559231,0.9480391082220548
28,0.5835564981038385,0.9400335193821869
29,0.5862901898637144,0.8966743751400037
30,0.5646462834973683,0.9565115086355162
31,0.5605661327116528,0.953241627473067
32,0.5466945469997727,0.8930418659944048
33,0.5392792053197709,0.8974578130361942
34,0.5541759821144213,0.826463949211421
35,0.5218967767040213,0.8645519031003358
36,0.5278826911184669,0.8866676298422919
37,0.5061005382243895,0.8325286482469602
38,0.5007037603723996,0.8281714032198396
39,0.5140629020850082,0.7792308670969782
40,0.4916565528157997,0.7718947760124526
41,0.4982996769429342,0.7567031873592031
42,0.5247020049896471,0.8544660922932709
43,0.5076662301770553,0.7454626680674525
44,0.4565702960950979,0.7358615767026928
45,0.445234868327526,0.7268001174460674
46,0.47658712953431853,0.7553705426079549
47,0.46574848377047573,0.7288020009974762
48,0.443082099785683,0.7122048471195003
49,0.45977678485475004,0.7170748335166323
50,0.4203885873310994,0.6707757322595981
51,0.4023003687472959,0.6699725671829606
52,0.3924630858995099,0.6537646515725007
53,0.3926777108077323,0.6524839191350462
54,0.3929866420609765,0.6373298376112762
55,0.3831202097223971,0.6307503358271147
56,0.37083690347438825,0.6137965335956649
57,0.37611611554846,0.6082563074683509
58,0.45945599071111654,0.7039717551841609
59,0.42708062380017364,0.6449189354251051
60,0.41603836675125483,0.6618209014712666
61,0.4551416350390751,0.6410343091458545
62,0.4249019828422403,0.6758503258724431
63,0.43347523040257646,0.6369960977626551
64,0.3712895298803835,0.6142432132998342
65,0.3907138794713523,0.6154658352863889
66,0.3644014624505219,0.6024027569567373
67,0.3759323712147623,0.5813946338610866
68,0.4236097540288861,0.6290101522228697
69,0.40060196959879446,0.5606392579837259
70,0.37554962704461703,0.6079580576857537
71,0.38280741294998855,0.5497804090321602
72,0.35526267036897635,0.564713996833308
73,0.4036277822202532,0.5524082514035354
74,0.5098172792252872,0.6987978760628424
75,0.6399518298916961,0.7429803977098748
76,0.5817858705008235,0.7705580330407295
77,0.48792925659985686,0.6411484123326733
78,0.4209920085142015,0.6736084185503511
79,0.3700605018149814,0.5500233184666936
80,0.3507927314439278,0.5792840544963994
81,0.3213788482111422,0.548708532045896
82,0.3419907196298244,0.5466010444700664
83,0.3145118567932812,0.5416365491701168
84,0.3128764864857285,0.5173404879084588
85,0.3144195602413639,0.5176267891704414
86,0.3239814144183398,0.5085819311671187
87,0.30983522523052887,0.51629751975911
88,0.31301968965854615,0.5312804854072629
89,0.3163911198357764,0.5282362129132474
90,0.348062490906519,0.5651384971832429
91,0.3701273028303714,0.5459325395752884
92,0.38275991207745624,0.5517127483240769
93,0.3556175385314911,0.5586033333225493
94,0.36740761421242885,0.5118543780773305
95,0.3123823529537572,0.5296953228371517
96,0.3175922832663541,0.4927246908117215
97,0.3858794361172684,0.5734653779901819
98,0.3615906337184641,0.5150278932041128
99,0.3297659789047198,0.5379952627889716
100,0.3641708593538161,0.4864919037117189
101,0.45962671202620703,0.6631599079558314
102,0.34808614996912374,0.5075578136038464
103,0.3220696801537792,0.5466503002462653
104,0.35223125285423434,0.4957525998485371
105,0.29501042525713994,0.5011351090697965
106,0.32742078020291193,0.496461510051094
107,0.3161174316223123,0.5099169137946445
108,0.34857234207050813,0.5130446396359702
109,0.31433655979552333,0.5037485976601779
110,0.34718929345089405,0.4971798944870511
111,0.32505969872614887,0.5103790913837355
112,0.30192186353589784,0.4935901880825685
113,0.34377855660191636,0.518845566779164
114,0.4294383122157149,0.5580708078370656
115,0.41077664105979517,0.6015724463642531
116,0.35436801846461974,0.5094984722425445
117,0.3598964980776111,0.564847128829511
118,0.3510745365495681,0.5036889275344768
119,0.36975358562162136,0.5653298472720562
120,0.36144642114735515,0.5124210404168568
121,0.3253102746111741,0.5237894752573001
122,0.2834631040339289,0.4910159612362866
123,0.2923766460663118,0.48829527169814724
124,0.27855355096500684,0.4715122019940727
125,0.2776171420079933,0.4684500267031406
126,0.29531369387018225,0.4623166887326788
127,0.2760467510702287,0.4615176871655266
128,0.3009517348295798,0.4969517612387173
129,0.31198010328273806,0.4765089100093093
130,0.3016972132786576,0.454835766692758
131,0.29360882114787196,0.48593306819752247
132,0.3122627975266722,0.4686568418108417
133,0.324783583004324,0.5094986447678029
134,0.4280829349669193,0.5101631926419389
135,0.43491173848789016,0.6052989787221849
136,0.4690115250790593,0.5403104510275981
137,0.5989478060641588,0.7089199421064474
138,0.4372107109101675,0.5323719954141268
139,0.31254497928129343,0.5278160408857232
140,0.2907711891027614,0.4744363858514898
141,0.32920638294648275,0.5161471371559075
142,0.2929545343628595,0.4627480835408753
143,0.275898299257995,0.46973736660368215
144,0.28192597516792595,0.45388122225966343
145,0.29027180137076386,0.5007493179959206
146,0.2824252255541643,0.4570179209473845
147,0.28137588714214173,0.48088098143279034
148,0.2877938646220703,0.4550298827888538
149,0.3613205088913218,0.5537697620925389
150,0.311204098404185,0.46703330359737855
151,0.36863036605602134,0.5542419616639982
152,0.325125279978578,0.5115951532764175
153,0.2749975031064282,0.46562242760914596
154,0.27761581848201305,0.4632869165851468
155,0.269484143957738,0.4588746392695846
156,0.27562906055537,0.45112694360161876
157,0.29898579622455673,0.47743773626784075
158,0.27139940771274557,0.4544018984588863
159,0.29015503218548,0.4764394321391936
160,0.2968945586164714,0.4671200800694294
161,0.3149096607437462,0.4811253378156689
162,0.3419369883636064,0.4815736359330333
163,0.3505599082664545,0.5101235111001938
164,0.2935417654839323,0.47836584274437177
165,0.32480645159217414,0.5100234020437102
166,0.2960512046535309,0.4533159730055998
167,0.2700738371160259,0.4570539104063553
168,0.26684913020053685,0.45489406675879906
169,0.28350338635580785,0.43363341940780675
170,0.2643127233604252,0.44166145985262123
171,0.2645048613066976,0.44784437136154337
172,0.2645124438936571,0.4417762813331946
173,0.2679638481767545,0.43509686962619804
174,0.30839323974717947,0.5028983807820281
175,0.2894085622418239,0.43466912923118545
176,0.274588937089235,0.479016194259313
177,0.29055390752513843,0.44740793927168715
178,0.31513838149540935,0.5139206129974057
179,0.26657024730845547,0.445068685897585
180,0.267181519241917,0.45422957906202166
181,0.3242541332788127,0.4555175756422142
182,0.3117820849706834,0.48465425130592305
183,0.26787314215978086,0.4465251473610233
184,0.2646973214087553,0.4562544236011964
185,0.2642626509574322,0.4477774921304869
186,0.26080657300071586,0.45488380091981057
187,0.27652886639990615,0.4684419579332797
188,0.2829044842915098,0.4681504190692018
189,0.2629925933588969,0.44675020143318356
190,0.26372625179866455,0.44502782750700065
191,0.2672772533973267,0.45694562650743964
192,0.261637361155261,0.4516418329994322
193,0.2647275976341139,0.44207727376947237
194,0.2576724079725392,0.4444027482724386
195,0.27050176869540127,0.45798349122869386
196,0.2824467444314416,0.45897075630301987
197,0.2717387428469621,0.4556573184584844
198,0.26315389140220913,0.4555918795484942
199,0.26002857013891467,0.44650572137137645
200,0.2534458216451389,0.43738590404346595
201,0.2700664395042011,0.45421899505311775
202,0.31681281270533335,0.4553784240511231
203,0.3435565333462339,0.5275241388433027
204,0.27972598522140313,0.446965964627294
205,0.25592455516602575,0.43383054751541705
206,0.2555058786626946,0.44867345839762973
207,0.25732771339712,0.43494045220643796
208,0.2510133467865433,0.4347302436255808
209,0.2547975344868552,0.42875728529076584
210,0.27580861509572036,0.46036460791018624
211,0.2535829933436883,0.4345339162996991
212,0.2513047445029766,0.44342158190299996
213,0.25182100329592094,0.43592300048691296
214,0.2522970057319235,0.44010916978933073
215,0.2527252043809705,0.42714158829924964
216,0.25622409463011997,0.4397551713716123
217,0.25179641813222436,0.4360128535872297
218,0.2889290784950521,0.4374087974367042
219,0.27308582297382744,0.46203232918276343
220,0.2521069565426817,0.43698873269943217
221,0.26024094040128126,0.4483828601278941
222,0.2507565925451405,0.4345612634938384
223,0.30185626876413485,0.43295827231839873
224,0.3364538719953862,0.5051947156917774
225,0.2834889406417964,0.46412367145161265
226,0.2536788619765184,0.4388919221562097
227,0.2565636249007912,0.4427054210582311
228,0.25782249339676605,0.4292811770501436
229,0.24607987560156785,0.4225877135751628
230,0.2633391849502432,0.4204670793142699
231,0.28304428255162767,0.4349468118107693
232,0.26583305777325356,0.42696034687560647
233,0.25838921225898964,0.43326084940456544
234,0.2764365278731941,0.43006923578789347
235,0.25295858970488855,0.41476481735249626
236,0.25108739644928363,0.4231350860137447
237,0.24700593919560335,0.420315101209697
238,0.2549685218820322,0.4269646911930751
239,0.2455131653041142,0.41754168060011615
240,0.2823495093292002,0.4358216351395236
241,0.2811076499132919,0.43989602902617714
242,0.26152161580701766,0.42939726047846877
243,0.2534614512824586,0.42420382517242416
244,0.247948145878295,0.41546003617530214
245,0.24473005043519855,0.4114083825755906
246,0.24711422171424866,0.4123234132088757
247,0.2446718135731669,0.4141921205477227
248,0.24134903241178943,0.40764591865390604
249,0.24117367572929455,0.40428083479587446
250,0.23815801305390627,0.4005353965272605
251,0.24764921914514376,0.4087968051491468
252,0.2776961424827666,0.42387224323512496
253,0.23761250247142324,0.4010232339381243
254,0.2514875939700619,0.40935294076152723
255,0.2590925309390772,0.40736867400155374
256,0.24808582156401296,0.4094839468970419
257,0.2422653916678001,0.4080159810956239
258,0.2692492235634844,0.428695562114252
259,0.28085048193319784,0.4197740548153343
260,0.2829899654704782,0.44974306362089017
261,0.2981833127297618,0.4264628458943821
262,0.31882438368766125,0.47366848406598366
263,0.28150440739116095,0.4245047988484997
264,0.2422153284075,0.4134909979829124
265,0.2467324568438269,0.42460175544805334
266,0.2637371488688325,0.4102801850613264
267,0.25648765745507823,0.4328888646509782
268,0.23994299077736334,0.4172023727275327
269,0.2397264943749923,0.4174486802976166
270,0.2412734979667735,0.41724062165916553
271,0.2632467650959212,0.4284989965985825
272,0.23910038763289834,0.41911494701019236
273,0.2443386857895543,0.4208359810572598
274,0.2761811417024058,0.4332540704813426
275,0.24935327940992694,0.4223596724222968
276,0.2414737397424233,0.41490135660380045
277,0.24291943192317583,0.4055979725996103
278,0.2414254276486831,0.4126823658120044
279,0.2478462819595792,0.4187003531891611
280,0.22994492426339064,0.40134996679952245
281,0.2281877000858091,0.4099318541104634
282,0.23895475479185532,0.42402082689915266
283,0.2677586711673126,0.45076617106508976
284,0.2402995952704617,0.40746534640641935
285,0.2454245858749796,0.4264009851354059
286,0.22985207150991868,0.3941093096445115
287,0.22848586423714548,0.3898651105965842
288,0.24373848399380593,0.4030315933563371
289,0.26928775781362474,0.4087340419338202
290,0.24194430822593233,0.40830753360723404
291,0.24368856869809882,0.39259412544293815
292,0.23710186356086307,0.394115063141861
293,0.22308846624987883,0.3858781559918332
294,0.22342947320835346,0.3866076738638277
295,0.22184739068607878,0.3810738427034684
296,0.24361635054509032,0.3756037445266195
297,0.22793087180891888,0.3846678362722287
298,0.23187402213512143,0.3694795083433844
299,0.23227083431859233,0.38254936616795726
300,0.22699865378152362,0.3852169050844032
301,0.2205604333641637,0.37454611853239583
302,0.2226888497449245,0.3818286637574235
303,0.22013942103177378,0.3825484598401224
304,0.2238977588538233,0.38459978178692705
305,0.22064045573008606,0.38024471697398293
306,0.22055047056143737,0.3803620263312874
307,0.22225658376543597,0.381860833397111
308,0.23504253239210243,0.37278502806804914
309,0.25062833158231307,0.40178343214831996
310,0.29981976064925675,0.42206857038293316
311,0.24910508939388792,0.3894846021428537
312,0.22146945280512145,0.3783068812499915
313,0.21618580378073568,0.37993065331537457
314,0.21552026075802858,0.3843129022476928
315,0.21645251507294846,0.3734456352619244
316,0.21942290253544974,0.3589971788479042
317,0.22262714181103743,0.3760722528597812
318,0.2754215790188399,0.38082625674151904
319,0.32792652373797887,0.4488865352829581
320,0.24587552939907345,0.3720378497144234
321,0.3075500752712051,0.4298172570817498
322,0.29188309235742615,0.4401033316155908
323,0.2697168737299814,0.39909368363345765
324,0.23125211299106738,0.4033418729974322
325,0.21531917916441812,0.37719519881693564
326,0.21352017420592959,0.37019662264564385
327,0.21168271399962732,0.36329112237682804
328,0.21461776741336672,0.3608793776104269
329,0.21393375456140928,0.36737644465403496
330,0.21274749129484322,0.37078726378198135
331,0.21387348355283284,0.35934839211751446
332,0.21677010659170334,0.3630721768241162
333,0.22317652220733863,0.3860071425620822
334,0.2082738831457216,0.35531753862245
335,0.21414670132607694,0.36481267839653875
336,0.21423516383905802,0.35630469684081906
337,0.20701704018844824,0.351659758972972
338,0.2079483442205807,0.3560574746210453
339,0.20512921662422634,0.3577043069607437
340,0.21275218145586663,0.3558441055626999
341,0.22857131945477568,0.373470857053642
342,0.22027772102968246,0.3544290563601931
343,0.20311807180504252,0.3652098750709376
344,0.2089234971510025,0.3522066214239811
345,0.20757807139128273,0.35670081226602257
346,0.21107008354003806,0.3694736698681039
347,0.20739587637788123,0.3755324311402577
348,0.2371121789748055,0.39486711478114894
349,0.20825668807027856,0.35397621957746994
350,0.20285742330360856,0.35192350726846827
351,0.20245735026272096,0.34326231302044224
352,0.24137990848471114,0.35409670239702695
353,0.237973748528029,0.36971527533966175
354,0.2619259705327846,0.36855155327913
355,0.2238317843317097,0.3621706472586403
356,0.20016794438255528,0.3599278092524382
357,0.20754664419351998,0.3692674153060381
358,0.2057666957899382,0.3476456361594188
359,0.1980083996644865,0.35455733030342074
360,0.1971020573551017,0.35268225829238126
361,0.2548971896035061,0.3815967239800497
362,0.32643989164921156,0.4312394561696119
363,0.21562902102804565,0.35540549176245817
364,0.21791382733952525,0.3668273445963384
365,0.19685867705632346,0.34475317307102743
366,0.19843634472062632,0.35537658037691017
367,0.20008946581066264,0.3416698248337626
368,0.19294656598089682,0.34104343378201807
369,0.19231036278162708,0.3397619186620498
370,0.19288593091956582,0.34013365940551715
371,0.19057702411657637,0.3389109058048128
372,0.20387295679778097,0.3330491639284542
373,0.2171996578612813,0.3389880980789002
374,0.21366360382749328,0.3469584550173871
375,0.2048122447744884,0.34020162118399444
376,0.1891154877617664,0.3304446270820057
377,0.1933447053453325,0.3326831877154347
378,0.19124445337668813,0.3402624273075021
379,0.19184791519831382,0.3312539878002703
380,0.24156710115683286,0.3702282808193336
381,0.20375824492502523,0.33583942668208927
382,0.19090475054662523,0.33320665711977276
383,0.19808141756474168,0.3362209435317479
384,0.18679989757837515,0.32754600341777834
385,0.18528993842771546,0.32516927158642583
386,0.18706456813202885,0.3285679978025287
387,0.18468593710147627,0.3285271007903559
388,0.18571738794800008,0.320889762542568
389,0.18312128944124928,0.32182527453256654
390,0.18630459445866093,0.324284456152127
391,0.184244593665172,0.31929050251340513
392,0.18452095341631322,0.328306470655907
393,0.183608738978995,0.32462592875324936
394,0.190272533962488,0.32307367527912223
395,0.2041188610296899,0.36098112550451555
396,0.19572725156817544,0.3294249578353998
397,0.1912475437835377,0.32342619095396347
398,0.19425561124149401,0.3475511993494796
399,0.18773190704294665,0.3316845176601155
400,0.1983949621037011,0.35801159394019383
401,0.18791637548384674,0.3305233971415417
402,0.23269567129550706,0.3922841976017548
403,0.26416819978170103,0.36267910564954364
404,0.2275548073511884,0.35113698296351725
405,0.23837029875837493,0.3537694454869071
406,0.19353738395050105,0.3641546147528126
407,0.18184950515013085,0.322925950970601
408,0.20617516354532095,0.34127218635836737
409,0.17873443450073445,0.31152605241753256
410,0.18002152770326868,0.3180048817273123
411,0.17723234930538606,0.33319468634357546
412,0.1870640294562896,0.37519192238098653
413,0.17923637258797315,0.31279556496356714
414,0.17505953876323718,0.31022101924380635
415,0.18931611560376735,0.3211510227584809
416,0.1843696668382972,0.30765135475870936
417,0.1754567051891448,0.3075520200045319
418,0.17267076985112165,0.3105552563370677
419,0.17080439423917512,0.3069715477688483
420,0.17486067383715115,0.3110265269788046
421,0.1920640302446242,0.3387716358727435
422,0.17195587763245868,0.3120536451996373
423,0.17332804993907414,0.30523406390321006
424,0.16925592503659626,0.3092757991850367
425,0.1798850924188694,0.3173572771136625
426,0.16770274219866046,0.3017716024038246
427,0.1967604072673969,0.3145075483866449
428,0.17722796831162024,0.31161071079406877
429,0.16846101210775144,0.317213739061136
430,0.17187087249410446,0.3177064547964304
431,0.17620649726286292,0.3161694061045959
432,0.1663293769172671,0.2949980960143441
433,0.16921656172202074,0.30537571968331434
434,0.16699031209643517,0.2942041704210071
435,0.1734993477826042,0.3028549598484786
436,0.1642063972423313,0.3077186016954707
437,0.17207391387864376,0.3007739189286661
438,0.16900007832840805,0.3245469705216178
439,0.16945697347267064,0.3034758343820979
440,0.16790656685859195,0.2870985263203663
441,0.1637572622934238,0.29818288226623574
442,0.16524997186263105,0.29512562404610926
443,0.1674143316444267,0.30295980869664835
444,0.1723034301030778,0.2884059113408924
445,0.17391843147142058,0.3076602020316391
446,0.17375465007316238,0.2882884380518329
447,0.18280821675339198,0.30846862708191053
448,0.1693890751673022,0.29443072977128476
449,0.16875769211850428,0.29695463523031523
450,0.1677262335369661,0.2962936710435614
451,0.1704901980903762,0.3141393448777368
452,0.15668783792913651,0.29127203487492365
453,0.16701691474170122,0.2894901827188075
454,0.15889958298813386,0.29126126496831034
455,0.1559974608561321,0.287829338524045
456,0.15891825100008383,0.30128767402076817
457,0.15985382427308997,0.2981344403719579
458,0.1595383404053883,0.3052242818196593
459,0.1756030714455217,0.2987224459523856
460,0.16373619420752977,0.3108719550513763
461,0.17357682394321736,0.2961774103641077
462,0.18582303645511367,0.33009092473524304
463,0.16345909003318446,0.29399679806103074
464,0.158091417601645,0.30483412375607655
465,0.15515184516568734,0.30111137343786754
466,0.15952460421878906,0.31225603131567564
467,0.15228297280459732,0.2900474586820568
468,0.15736001304371874,0.2846366081943563
469,0.15690998639853543,0.3013919197835388
470,0.16055245384314254,0.281854298651535
471,0.1526290548688261,0.2945941101926447
472,0.17072582770461975,0.31958839256718685
473,0.18533648511013184,0.2930908862627841
474,0.2244976511530903,0.3290956747142028
475,0.20202264345987306,0.29600770356109957
476,0.23736383316750784,0.37910211770702046
477,0.21149263587784434,0.3269720093936759
478,0.15128765419190124,0.28236782088396245
479,0.15596856120089128,0.2865345597769341
480,0.15001608070125952,0.2865511700107518
481,0.15507187010041967,0.2917321015050721
482,0.1525375904075384,0.2811846870024872
483,0.14688974336177696,0.2749537032027109
484,0.1524169636977411,0.2742156630713721
485,0.1465630052293652,0.2766900557612763
486,0.15054285702221823,0.2793884352754532
487,0.15086396695521195,0.2789994830482944
488,0.1614845067662885,0.27725827912009765
489,0.15527711580301728,0.28033378048325186
490,0.14771812525904132,0.2703192153289332
491,0.1464013191921696,0.2804336648230782
492,0.14911583743965331,0.2734967484188857
493,0.14922413767309103,0.278655085139781
494,0.1482137032060087,0.2734291014896959
495,0.14997624243156626,0.27397109385112983
496,0.14427306454317249,0.27473648569604137
497,0.148658714119614,0.2788204529675601
498,0.1446826102634585,0.2753950704906252
499,0.1703043168405853,0.2788884450916811
500,0.1882307109386877,0.321718638192155
501,0.2024747457044644,0.2979894160696345
502,0.1987484089582717,0.3216251843652026
503,0.1803857999308934,0.2770112603839903
504,0.21396626246712291,0.32908156221096807
505,0.18894621505678455,0.28760762433716697
506,0.1987549330237758,0.30671684457099
507,0.15764097129648055,0.26604846879462923
508,0.14272310114277786,0.2681265147505399
509,0.14920281736385593,0.2698192503427175
510,0.1405362447556059,0.2657144089767014
511,0.14178053133831148,0.2736791848207406
512,0.14184551452019287,0.2611172731459404
513,0.13958713298599792,0.26805289542276806
514,0.14077881450968863,0.26929998477273676
515,0.1382619052680822,0.26964731341032666
516,0.13829133539650648,0.27037598320529493
517,0.1408148892233304,0.2653809098952776
518,0.1483059312496561,0.26552169673283144
519,0.15763263948613182,0.2834855765621644
520,0.15281390653278853,0.2671824324433823
521,0.14561841147599777,0.26762521640583165
522,0.13955916375845373,0.25910648404300846
523,0.1370426821582899,0.25786396031638226
524,0.13894318800213035,0.26622035105082875
525,0.13620418851452507,0.26769119333869795
526,0.13707240833930176,0.26153092040190185
527,0.13568627287790933,0.25751991430325444
528,0.13927428737417485,0.2595889371878068
529,0.13388231092319663,0.25749384455424923
530,0.13552006820098497,0.26972397855737695
531,0.1349865669567288,0.26990163630864733
532,0.1325077663946863,0.26263054451508866
533,0.13467404560799465,0.26369848551244374
534,0.14053262344223325,0.26634096486807457
535,0.14480706626062534,0.2681407128647163
536,0.13394067333232773,0.25554076834137607
537,0.13712310154363588,0.26661836853997933
538,0.13193434384076014,0.2643527627644791
539,0.13253147845252866,0.26244375182223334
540,0.1297245639684849,0.26103840205251594
541,0.13057401774625316,0.25967807739447324
542,0.16460008918849037,0.29098069082386147
543,0.15717949229336312,0.27536572506880364
544,0.1316204832435571,0.26077807209205595
545,0.13165895572175043,0.25650607857193497
546,0.1312495126686649,0.26156124912632933
547,0.13099132948611056,0.2653577224404237
548,0.15340075283149754,0.27014221115494036
549,0.15359591109054568,0.2925986759973537
550,0.14734415611515997,0.258351615723494
551,0.12806428536424602,0.25633657420004086
552,0.13892428849890948,0.2609839585087425
553,0.12962105956681227,0.27090291574151754
554,0.13313646711817254,0.28426697115186284
555,0.14012860911249017,0.253926000320697
556,0.1307994944678362,0.25785559558319726
557,0.13189438472377116,0.25523358456655776
558,0.12609123335297834,0.25934644728315215
559,0.12650187953315145,0.2592964015539461
560,0.12662892584449348,0.2554724485170744
561,0.12640564500666127,0.2571028537628692
562,0.14331057157358276,0.24805941537098855
563,0.14194243116358585,0.24638930457909042
564,0.12711330641094604,0.23582419793101736
565,0.12641584521086616,0.2444602045503468
566,0.13644178612897748,0.25065856384525764
567,0.14612392219308368,0.255121992153918
568,0.13625540362120742,0.25287186239482506
569,0.1417395907962296,0.2604351813392305
570,0.13223905090245797,0.254600857765914
571,0.13632146511491267,0.2701744862528789
572,0.1367163815185053,0.2485992352603252
573,0.12307225641334628,0.24582081919422108
574,0.12761309713941227,0.25817026677323657
575,0.12787908212809146,0.24697144406629604
576,0.12239974629851873,0.24609649627398314
577,0.13102380796535493,0.24661220808030504
578,0.1313525220083722,0.2536371490984838
579,0.12486574815604073,0.23919922398993418
580,0.12453356424542823,0.23754826415502478
581,0.13121714406022275,0.23425152372138064
582,0.1384895661326688,0.24597688689007882
583,0.12736204335634402,0.2530301082679304
584,0.13045964050192407,0.24461128183242714
585,0.11939880860311662,0.2414436456415063
586,0.12700966146315215,0.24687238166795836
587,0.12232963309374147,0.24125238418236278
588,0.12337456296957186,0.24610345912264373
589,0.12567924520511553,0.2444435550966079
590,0.13991880903343018,0.25037025343021585
591,0.1325710361076087,0.23586030826582133
592,0.12006220243205695,0.2353020601709697
593,0.13155980445514615,0.2651348506986825
594,0.1277879967240512,0.23887633416053558
595,0.13951890565773983,0.24415143810355305
596,0.14960737891773251,0.24167094369343617
597,0.12021199696400857,0.23784379242509324
598,0.1194505001466732,0.23351786910077024
599,0.1210350603247658,0.24288948449771391
600,0.11740069437380456,0.2248270702710466
601,0.12334787806622888,0.2390190896718509
602,0.12099655674764702,0.24046963326157061
603,0.11781310371547048,0.2296770768379915
604,0.1160076110645561,0.23343566854474684
605,0.11873394894223208,0.22982059497893267
606,0.12046949778951148,0.23035082955903766
607,0.12238564544547133,0.2420641043870306
608,0.11387397080445315,0.23124875057513125
609,0.11393694207296516,0.2294547976712526
610,0.1181011879528158,0.2336639513658595
611,0.120895655737461,0.2296190115081512
612,0.13952627351085198,0.24047381622712624
613,0.17290255367821697,0.25830499695805187
614,0.12262248501449319,0.22661810697076837
615,0.14023194074369577,0.24805673899554773
616,0.11428759940540503,0.22402558552241267
617,0.1347381605184271,0.2278761325242543
618,0.1427639695070764,0.25228584122434883
619,0.1943997767452706,0.2704944049856862
620,0.15998664228225865,0.26766645100762365
621,0.17744834146117777,0.2683986470501508
622,0.21925665839580513,0.2860726363665905
623,0.13824517113906612,0.26240134977872726
624,0.14891745083790708,0.25856918872614104
625,0.11803613577754032,0.24189378839690714
626,0.1272943096613904,0.24915416841641544
627,0.11694507955673186,0.23661910658332133
628,0.1156431751193792,0.22043686055929929
629,0.11394007698938466,0.22525102589581378
630,0.1277772134634474,0.23894674580486874
631,0.1141639225293422,0.22214085096978484
632,0.1132757684414087,0.22542018012257756
633,0.11394313288561597,0.21921667226922226
634,0.13933006430318412,0.2735178464178281
635,0.13102619691897804,0.22910890936902412
636,0.11617994548896686,0.25117414962410733
637,0.11005253995948963,0.22142376818322274
638,0.11167188718583333,0.2366880942411311
639,0.13706002631344708,0.2232809628813877
640,0.11600686309927027,0.23241150378509276
641,0.11283740975454293,0.223703309421282
642,0.11225586237582169,0.21762884699191093
643,0.10838538095860283,0.22637235453164237
644,0.10795818534518907,0.21664532676925824
645,0.11031960086197934,0.21327951778886856
646,0.11165995092444266,0.23277759150294786
647,0.10761198558784045,0.22785457900120218
648,0.10948604201265356,0.2293315564796523
649,0.1152913346305167,0.24627055151931476
650,0.11514498179322837,0.21502868001031195
651,0.1117479326378305,0.2312152304111077
652,0.11271605364945209,0.21758335467496234
653,0.13109118122333327,0.26417847714791254
654,0.1842564569740176,0.232849060991129
655,0.1342987090554137,0.2768068222887347
656,0.134427587518062,0.2259817539488279
657,0.13277170384760348,0.2440662988565528
658,0.15327278278199286,0.23341210613594565
659,0.12071493360556582,0.25377829390026957
660,0.11157950930189424,0.21525487086716075
661,0.10778014118879783,0.21705207777831087
662,0.10627149756491372,0.21631407372255199
663,0.10591472069795431,0.2121584787856139
664,0.1068285718827056,0.21194358209841968
665,0.10542606740942294,0.21033988261831318
666,0.1093669088461112,0.20622340184274487
667,0.10980199195781998,0.212789639873902
668,0.11959481336451123,0.23095735611952686
669,0.11884545838444774,0.21250402321642084
670,0.11610990278904804,0.23793603963386498
671,0.1317432451150853,0.21950143266846392
672,0.1222400462484335,0.23864247337295805
673,0.13032313751505512,0.21449565830566683
674,0.1104791545616538,0.21925254169891584
675,0.10823040718642889,0.2093399260880052
676,0.11557727411370733,0.22515420531510383
677,0.11544239564109875,0.21160435353610574
678,0.10461293660355019,0.2256327581477655
679,0.10091797121454693,0.21294364585120526
680,0.10267285461181687,0.21456260140850025
681,0.1014143104188651,0.2072194865149467
682,0.10409532583147531,0.21764301468069788
683,0.10715193148171612,0.20740038886033219
684,0.10112939801898353,0.21217421725883656
685,0.10150955685708993,0.21383992885383865
686,0.10292103433525732,0.22261356260498213
687,0.10353212012715209,0.21565537741041807
688,0.10263553115269756,0.22377445913859412
689,0.09969394561075012,0.21987680980329422
690,0.09899006532063503,0.21273343121829838
691,0.10230917154359108,0.22472432846170315
692,0.10054459245840688,0.21900239777838412
693,0.10390911726579845,0.21744541615214916
694,0.10051760407545611,0.21055550883463847
695,0.10429100696982256,0.20819800909270844
696,0.10838841931675666,0.20992184988721113
697,0.10757774593709565,0.22593274053124016
698,0.10792512038445458,0.21454225607211733
699,0.10570022446684207,0.22311004509607385
700,0.11093997073591008,0.20606075195381465
701,0.10361943981999486,0.21064060013298117
702,0.10011938365232845,0.21146142894047917
703,0.09891551153300013,0.21525018377409802
704,0.10145746334769995,0.22295767233963287
705,0.10454702160043453,0.23111692976928416
706,0.10716418262898038,0.20877339660311883
707,0.10075205161405876,0.2052580240451324
708,0.0981531239949665,0.20840652496227807
709,0.09851452447958552,0.21058633076260125
710,0.10164562616057075,0.20962269732576308
711,0.1387401215866034,0.22638149690999493
712,0.15494801304193012,0.24732183604408928
713,0.2073435814839233,0.25730489797961886
714,0.1272259395247829,0.24905524794172493
715,0.1120991219504975,0.22185268222652105
716,0.10699620063296532,0.21782583775961997
717,0.13485565914144299,0.2227939063789256
718,0.12029309545666082,0.226389669801303
719,0.09755343012245012,0.2066467550662863
720,0.10643378931235344,0.20380726415155037
721,0.0976126108152267,0.20102069458201646
722,0.11008741992824901,0.21264338016149884
723,0.12726443259456105,0.2236725107874787
724,0.1401265686662187,0.2435530230157098
725,0.15631749403322584,0.22797339009219
726,0.2141700433662199,0.33615068858278147
727,0.20049801059701458,0.23263624697601643
728,0.1606091351336779,0.3146593048558804
729,0.13190119294641206,0.22159479501372056
730,0.13198427587506031,0.24673349741801387
731,0.11312950864294301,0.20588558548363112
732,0.1025038155619315,0.21116687224942818
733,0.10348706137292245,0.20251466442676963
734,0.09890365536619158,0.2198452056731371
735,0.09735333160616187,0.20677961885166463
736,0.09788160458820941,0.20171990976879609
737,0.10817771198454879,0.21776461518231263
738,0.0974078649196383,0.205777666204622
739,0.09834480203505028,0.20470170611689953
740,0.09661598976342439,0.1910392822474641
741,0.09448819334598549,0.19786453311992958
742,0.1018447148908615,0.19605600014401908
743,0.1024073652110708,0.20011728080477023
744,0.0978256045474972,0.19555467769153456
745,0.10048386210547154,0.19718119361397954
746,0.10024049480957165,0.1908916574111865
747,0.09638818889341952,0.1917133471786546
748,0.09737025585828384,0.19379900424065136
749,0.09580882583318447,0.20188171014186704
750,0.12041257461700028,0.24008432039815394
751,0.10308038069958454,0.2021168613741502
752,0.1025475787416228,0.21817012593243998
753,0.11617576759540878,0.2085535448816304
754,0.11244533817504086,0.2147971256700034
755,0.14123719652382064,0.2183864291734239
756,0.10853138992420952,0.21657855537526788
757,0.10196220513201311,0.20562901274353634
758,0.09997478229030599,0.20284555380090477
759,0.09540053656217354,0.19765089635114041
760,0.09587240902444649,0.19800725397611396
761,0.0934637386953515,0.1924500138036603
762,0.0928090935267034,0.1940950965166348
763,0.09650237732195659,0.19380288977195018
764,0.09711088663014518,0.20804354307369527
765,0.10026150115954689,0.2008894184897325
766,0.09578550520884664,0.2045034044938484
767,0.09810616319010694,0.19132272285132276
768,0.09377014856679233,0.19273759884583513
769,0.09177273272925304,0.19769191707217976
770,0.09375336482803763,0.19349868254539263
771,0.09195341901040463,0.19097001314682296
772,0.11389497266791657,0.2109804652122444
773,0.10810073161316808,0.19834781292347678
774,0.13179131292959093,0.19941579976097124
775,0.12018030294569437,0.2340724674447921
776,0.14157537520437474,0.20095080270233037
777,0.09589205751748765,0.2022765698793387
778,0.09218404532854084,0.1887466962217094
779,0.10291995086681544,0.2018640706069373
780,0.10435121725771514,0.188679474583534
781,0.09498189875346985,0.19473456914700416
782,0.09233677688943602,0.18525194942301462
783,0.10088571113668589,0.1932827084303952
784,0.09098188775349321,0.1862516479006515
785,0.09506440255448782,0.1902805799800179
786,0.0948310639569748,0.19475574596989048
787,0.09536799137589538,0.18614220242965082
788,0.09091754487250238,0.1890648635999705
789,0.09162156988359206,0.19617072835417282
790,0.0941527755979889,0.19772875003169157
791,0.09105065863718503,0.19474602233515317
792,0.10012471854872396,0.1925748007547258
793,0.0910057066082622,0.19811013534862512
794,0.09029199328458154,0.19870361463763211
795,0.09037560631352566,0.19007188298125138
796,0.09955806664416113,0.20902528154607897
797,0.09294191744498051,0.19211650344235073
798,0.11109740397077135,0.21084690849806967
799,0.09609726165465168,0.20859706562530095
800,0.10006563433314199,0.18706623027273395
801,0.11157036037212106,0.23951145515529665
802,0.09339136396572141,0.19678308565901703
803,0.09025410409980553,0.19495924416752008
804,0.0915187585162575,0.20298019141833396
805,0.11576603939635689,0.1872097696124509
806,0.09657671804324053,0.2001274040715166
807,0.08994273873415942,0.18578526270792028
808,0.09131848445433255,0.18847441713677837
809,0.08818455521815254,0.1854795120912836
810,0.09512529649404704,0.1929128825143433
811,0.09067633373366032,0.18655111350478418
812,0.10638398997661942,0.19078551025362878
813,0.10194330305704395,0.19366061656231556
814,0.08927298889327527,0.18264970265452532
815,0.098555616780683,0.1881588854405102
816,0.09190736527338526,0.184066862728835
817,0.09116266075149212,0.1808356967454299
818,0.08737476513615229,0.18386563329988853
819,0.08641664943045127,0.1805489454727087
820,0.09458009715789195,0.1852195240946223
821,0.08679767990130383,0.18192167102522355
822,0.08703512576533971,0.1840088666327269
823,0.08582860171775955,0.18564835974529695
824,0.08651341116380958,0.17519268393740067
825,0.08694815228698427,0.17710059660836744
826,0.0882450277582732,0.18073672659628456
827,0.09265052213272507,0.1843031422710133
828,0.08583814055147627,0.17905477086772797
829,0.08908938279954051,0.18881281083467003
830,0.08662447362005456,0.1795536143011036
831,0.09162963983625906,0.17792743907002562
832,0.08890479471174206,0.18018662805054703
833,0.11895161950834782,0.19063153647500586
834,0.09750767529965801,0.19770632825342246
835,0.1002099775459691,0.18233258935610203
836,0.11857121047334429,0.1987089321274347
837,0.1520035480862072,0.22094351247512406
838,0.10822258375700239,0.19964918920815553
839,0.08879549324283625,0.18843286988488875
840,0.0904045659972206,0.18462326824557587
841,0.0858876773453218,0.1870468045285728
842,0.08872048865978852,0.18878142745189924
843,0.09248468184017943,0.19829897789281098
844,0.0984051943494063,0.1974310669678795
845,0.08519850868246862,0.18146422461200754
846,0.09342336204919456,0.18800683514590483
847,0.10289149777685784,0.20490455898155344
848,0.10746181339264482,0.19495788964425936
849,0.12395752229252056,0.20465606583427393
850,0.10166816697572457,0.20314855346386432
851,0.12142208992135929,0.19421493883605098
852,0.10269519909581237,0.20434232550988135
853,0.087530725994269,0.17542360882798758
854,0.08630787284357093,0.17865192660845583
855,0.08604281596294931,0.1728948814282176
856,0.08598433794848367,0.17302798242247597
857,0.09550786017546226,0.19560266454028483
858,0.09139726109470472,0.1848712893115928
859,0.0843235882078473,0.18567823830940897
860,0.08523727995576881,0.18330428318642514
861,0.08756365335939119,0.1791829944034391
862,0.09662667189151533,0.19551505278448655
863,0.125765217602467,0.19937795281951307
864,0.12280762476445609,0.19698244900190207
865,0.09314598876557653,0.17701120054430106
866,0.09106254517582925,0.1863156056345402
867,0.08630949798814523,0.18516415179241122
868,0.09332022222423163,0.18292873551106748
869,0.09974285248787328,0.19993799805072032
870,0.09142168228940718,0.19318300767937646
871,0.09129838642161985,0.17781472697445336
872,0.12025678080794536,0.20447583105374012
873,0.09743583816334224,0.19054594581268167
874,0.0885587603332702,0.17982602805875234
875,0.09653637707573572,0.19773354680764443
876,0.10358137682765582,0.18369308326002443
877,0.0852398027992866,0.18884738090274752
878,0.08578678674917417,0.18670064631135372
879,0.09265862053041976,0.19550114563130125
880,0.09217178318279418,0.1900946047016447
881,0.09260133914799706,0.1868101522700499
882,0.10135615041878539,0.21198602598307498
883,0.1228614611591444,0.19155254021294432
884,0.10292614617299078,0.2012140942511502
885,0.09034597517942629,0.18019097697334988
886,0.08584635593300703,0.18783058536629293
887,0.08312520689624552,0.17714838098054797
888,0.08680145961192288,0.17645045585933689
889,0.09177230311221636,0.1836387822753719
890,0.08299308998350338,0.1753664675708001
891,0.08560724980542132,0.1686047853352301
892,0.08895856094997603,0.17593142360047406
893,0.08455638939607743,0.17814649664722834
894,0.08468768612324364,0.18302967347452623
895,0.08380534468974708,0.17612638687468052
896,0.08536671948470369,0.17660352551333586
897,0.08353493999017148,0.17337956087621956
898,0.08385646143011942,0.1721980597920039
899,0.08398208401004469,0.17995475192080407
900,0.08292944079858867,0.17664745442351723
901,0.08388017361056253,0.16651477107753962
902,0.08369850654829947,0.1714555015668878
903,0.08236220220645456,0.171141386241185
904,0.0850175857439049,0.17401633535181077
905,0.0825223539468758,0.1782911493842577
906,0.08645950417483278,0.18264135444304452
907,0.083260133098879,0.1767373596417579
908,0.08403105110014548,0.17656286900633075
909,0.0848290179815194,0.17597856850551596
910,0.08503333544113893,0.17474832327607756
911,0.08340663397290819,0.17106286915185429
912,0.08251526071049049,0.17031163086545306
913,0.09668462517041658,0.17783123587667024
914,0.08418733730656756,0.17044510751904257
915,0.08215041170200246,0.17362013533391976
916,0.08772985064739834,0.18135963453533435
917,0.10067200712971727,0.17693416567191408
918,0.09143434681665522,0.18296071169878161
919,0.09701911424880309,0.1751609152033677
920,0.11130517099462005,0.2032544380724464
921,0.09422027676666048,0.1823649643470685
922,0.09657491174702619,0.1857240779737474
923,0.11460313686070638,0.18596599611536108
924,0.10309385584577614,0.19822031527332645
925,0.10105807625088271,0.1812305101821772
926,0.09342461320403643,0.18323880148187383
927,0.09432610560661693,0.19198330068860087
928,0.08692491114846873,0.18279035590754786
929,0.08311829946362777,0.1750885335100201
930,0.08162635153802125,0.17480741068783492
931,0.08289007858219817,0.1759256811269975
932,0.08366362853233715,0.1768580349969762
933,0.09432284073923279,0.1898186373497054
934,0.08590050124532035,0.18238725069772344
935,0.08415610712904027,0.18492535311405772
936,0.08416929714180821,0.17750734080897954
937,0.09674000400954638,0.19240437969277463
938,0.1325805601500991,0.19758372915684125
939,0.08786849298852077,0.18132165703217876
940,0.08694529664507306,0.18167096289438864
941,0.09704364076235333,0.1972792898591296
942,0.08151915318646683,0.18137627072337542
943,0.08150261628646562,0.17903828100711713
944,0.08123867615130544,0.1777215747050481
945,0.0854891174656327,0.17526391120815352
946,0.0884460839357251,0.19369157068958967
947,0.08689876141168935,0.20037388860166672
948,0.08391680886603317,0.18879801295892304
949,0.08289846770770644,0.19373670139616717
950,0.09222284009614587,0.20098656714541038
951,0.10885051171274002,0.1899300866006204
952,0.10035411354008127,0.2018805411602051
953,0.13626808955697695,0.1884312096828661
954,0.09903219449498257,0.19373701539856358
955,0.09188876595143856,0.17371060414241732
956,0.1057863877547328,0.18780422943639039
957,0.11104599096641553,0.1838423108896304
958,0.110604077688107,0.21288497403240347
959,0.1316485209192065,0.189928776482904
960,0.08801539712833137,0.19145883461759508
961,0.08395346250984018,0.17703948959884094
962,0.08071558756581586,0.1827682722089162
963,0.08304129957879408,0.18908921828392944
964,0.08692102574707698,0.17949763705805863
965,0.08050226970177335,0.188069694220751
966,0.0833644442399167,0.18049532033537127
967,0.07941609985341427,0.182905260284418
968,0.07965193393031594,0.18755624917836486
969,0.08439060697589501,0.18337559270418305
970,0.08813630519060299,0.17895708445491354
971,0.09914515673604768,0.21871976886887426
972,0.10368186058693979,0.17778084621363996
973,0.07984799479996421,0.1748369930112999
974,0.08092927545176373,0.1696449816486839
975,0.08519357660622359,0.18903227112851187
976,0.07937213023343141,0.1773421733578475
977,0.09052661155661187,0.17761069516384298
978,0.08469306307569743,0.1734560182714238
979,0.08455311865580728,0.1763787424799793
980,0.08410632960042463,0.17739495803407065
981,0.08202859356463646,0.17217078067578792
982,0.08048000818018608,0.16977006814053963
983,0.08062348129699659,0.16922322777461693
984,0.08899274304774298,0.16970977352298047
985,0.08036540841748076,0.17082532418011903
986,0.08491953648965174,0.18077686202765414
987,0.08633375158462356,0.18096074450243643
988,0.07898525155768103,0.17113349252975923
989,0.08271652751925757,0.1821219075426702
990,0.08148078900705599,0.1760143786741162
991,0.08764684103767664,0.18460297087536134
992,0.09282153952481552,0.1734084043355414
993,0.08480235257968456,0.18652601838236546
994,0.11583298676895384,0.1860892644778215
995,0.11992111899388605,0.2099199213808759
996,0.2675346999463592,0.2566960258581699
997,0.12695795537146323,0.21565486746111281
998,0.14097964441217006,0.19506040048024756
999,0.09813550176700225,0.20650975334135188
1000,0.08968110839688895,0.18020317138061306
1001,0.08567366422510062,0.1830870456914521
1002,0.11602161622111777,0.18597154384115427
1003,0.1254140037720426,0.2310816142915382
1004,0.12226283714479935,0.19136900764128167
1005,0.09827984719681927,0.17849323054103072
1006,0.09165484877385781,0.170642873683933
1007,0.0790787947079455,0.17370209588628807
1008,0.08121361419528067,0.17089706060841653
1009,0.08031948248756281,0.17248595270976044
1010,0.08281501647192357,0.17659737161014033
1011,0.07934735391858175,0.17227358264778256
1012,0.08143323733918058,0.17990907284601362
1013,0.09382960512324695,0.17550185247343913
1014,0.08391990991271782,0.1835208753835739
1015,0.07941924482031452,0.17085071450296832
1016,0.07894184419484972,0.17591560666741698
1017,0.08390790890462564,0.17963370497322487
1018,0.08227716445612544,0.17150144354744776
1019,0.07788377996154745,0.16954527771711722
1020,0.08379529839791204,0.17524841127246912
1021,0.08038481267332251,0.1747128765720338
1022,0.0783714721538437,0.17751015232472162
1023,0.08688457465292593,0.17259272948648308
1024,0.09166837168244027,0.19376994950011778
1025,0.08440775275690564,0.17072672601938368
1026,0.08057279936331592,0.17760454027077915
1027,0.07984895867043047,0.1698815633077049
1028,0.0788136628731293,0.17150866182876892
1029,0.08345024371379957,0.1824262380708755
1030,0.09087956031311428,0.18522064200132998
1031,0.07952420045553138,0.1771704079143034
1032,0.07764713528292885,0.16962930774164534
1033,0.0777747411304333,0.1731556920759247
1034,0.08759099892612883,0.17736356164414907
1035,0.07825466954711446,0.18605920195845738
1036,0.08527166348166718,0.18007570786767554
1037,0.08898406431349716,0.20530519780595513
1038,0.08014854957395472,0.17870902309616798
1039,0.0786722749185166,0.18468584995918888
1040,0.08690826283593214,0.20801276009833244
1041,0.10326605239694366,0.1811044666473422
1042,0.08068889697531846,0.18623236327956746
1043,0.08052556617364348,0.18551403506335543
1044,0.08248105381193116,0.20914367614474633
1045,0.0770753091048282,0.17968172001533741
1046,0.08179562108731707,0.17262583984535462
1047,0.07780235518133742,0.1770958790145428
1048,0.08273370859832463,0.17198376913479343
1049,0.08146979009303193,0.18325975307053663
1050,0.07683946500073313,0.1645233817289045
1051,0.07778189528376106,0.16513970475504303
1052,0.081045680960695,0.1689566954323263
1053,0.07729127245300334,0.17144178212241515
1054,0.07739793005648345,0.1761162877462851
1055,0.07816149935446014,0.1701723334658798
1056,0.07827271529068595,0.17891146607440792
1057,0.08731226424697115,0.16951312473057498
1058,0.0822910271308878,0.1778148521683422
1059,0.0913489755537632,0.17870520541791157
1060,0.0769153705894477,0.17607598294119703
1061,0.07876391700123923,0.17379524561894372
1062,0.07690292472897613,0.1718267512459822
1063,0.07908527504455612,0.17276400701903796
1064,0.0770651194739588,0.16622446884914904
1065,0.0787882622522626,0.16663073410260598
1066,0.07987504651210156,0.17271793299693414
1067,0.07714446268204304,0.1737628038918057
1068,0.07959881701750857,0.16841178395417447
1069,0.08068509009319787,0.16898105466143246
1070,0.07926677924288837,0.16858854494366018
1071,0.08102273462270913,0.16978834586092484
1072,0.08135750211900049,0.17671600169455326
1073,0.0931379752895771,0.16855309294832357
1074,0.07889866445909,0.17806259507578864
1075,0.07689008602326576,0.1699273562301103
1076,0.07913491440001473,0.17205080497822065
1077,0.07843761216383398,0.1683715091503424
1078,0.07778583405408304,0.16966938251185493
1079,0.07594978852582462,0.16624112958525575
1080,0.07820453461979816,0.1722482425693972
1081,0.08015460418915539,0.17693492088901158
1082,0.0767439460501859,0.16959142183800877
1083,0.08132403931764144,0.17568486758127694
1084,0.0778651499317349,0.17493662624216658
1085,0.07675839535088326,0.17944481634209333
1086,0.07690389551424384,0.17666606119620745
1087,0.08458702569526041,0.17331565924081418
1088,0.08960017359925773,0.18980316608713213
1089,0.09257771993202243,0.1757306075515714
1090,0.08670519114858657,0.18212515169039886
1091,0.10636996622693856,0.1709415046845887
1092,0.09222196517393567,0.17366797341872733
1093,0.09898079296685533,0.1732576527950063
1094,0.10435937002526738,0.1880887288522165
1095,0.0983274826479123,0.17658782315058938
1096,0.07974228691872501,0.16832199558512537
1097,0.0775384956885969,0.16219319311868796
1098,0.08043452052831647,0.16389890079579006
1099,0.07867661757544664,0.16451488605526673
1100,0.07761399239017926,0.1722415415247503
1101,0.08387430318041321,0.16381763629066884
1102,0.07729606491429776,0.17671608940565578
1103,0.08160787366826124,0.16887548327257038
1104,0.07929837932060427,0.16939763174392478
1105,0.07882222183990599,0.1709286001063165
1106,0.08303822911061717,0.1712033217039522
1107,0.08507942516081929,0.18925380132082173
1108,0.11558434533104064,0.18462624053578464
1109,0.08778927116515618,0.18420167078953445
1110,0.08088673010798313,0.16288441140721963
1111,0.07521655091076208,0.16906643486483044
1112,0.07977157109423903,0.18452692281970798
1113,0.14236363898898396,0.19387648409412062
1114,0.08110826642089235,0.1870402525503861
1115,0.0785002075499604,0.19100447908557594
1116,0.08084247780641311,0.18002733676071242
1117,0.0768573389871896,0.17914654639708644
1118,0.08079569786096832,0.18543859715975025
1119,0.07715381937298289,0.17081808956445985
1120,0.07604750936631573,0.172838099262527
1121,0.07826272539723746,0.17539418962849507
1122,0.0781828174894326,0.1795835881409229
1123,0.07684048851249663,0.17509828752073864
1124,0.08434921858470769,0.18681030631433992
1125,0.07687622437780782,0.17891322260917433
1126,0.083470660137428,0.16819572598664617
1127,0.08286648109164435,0.1765941202231578
1128,0.1323387498524618,0.19044732136912315
1129,0.11382095711189275,0.19074483763979808
1130,0.0889635517123735,0.17720832100039516
1131,0.07726468991721232,0.17061440365470734
1132,0.08432994134022075,0.1758639199804005
1133,0.07644402311802488,0.16391283900269746
1134,0.0752208650757751,0.1604706771271224
1135,0.07559587518733168,0.17383378366960436
1136,0.07548036596857431,0.16441210188490823
1137,0.07858896177872089,0.17411345157993544
1138,0.07610223326449818,0.16087511446138758
1139,0.07882226105207722,0.17680740381267906
1140,0.07450625561744258,0.17387514063063333
1141,0.07637125693749748,0.18398155357764728
1142,0.07551801705073583,0.17004576578870212
1143,0.07654652380656908,0.18138898262120864
1144,0.07669636505967509,0.1766078288668968
1145,0.07891733484226443,0.19323350448542925
1146,0.07706255723063717,0.20411173212116435
1147,0.07657674234039964,0.18061514506113344
1148,0.07581442831378075,0.17168439503774685
1149,0.0751792334787332,0.17439550248890842
1150,0.0797159868291886,0.17139257433459934
1151,0.091950417609088,0.18207459586706318
1152,0.09081638351355599,0.16951709896640418
1153,0.09012460464385724,0.17443528918988072
1154,0.07947673865205851,0.1690631975867434
1155,0.07902901473874828,0.1734972020748068
1156,0.07704475791944981,0.17560586388134455
1157,0.0759701698555165,0.18412974121085873
1158,0.09240488024525095,0.20649190029242892
1159,0.10247074318360265,0.17089237836519738
1160,0.07488916675077358,0.18038655983258067
1161,0.07501809784683248,0.17219887760425756
1162,0.08303192122166309,0.19153778590426582
1163,0.07491302567316632,0.16802463475519705
1164,0.07862233391383007,0.16540099904451439
1165,0.08063505269073422,0.1742001860694075
1166,0.08036543604453422,0.16689665425663738
1167,0.07994776382342401,0.17918487415018483
1168,0.0774515434745962,0.1608751072062039
1169,0.07577654616160769,0.15925140325158121
1170,0.07482840140397677,0.15837470843311585
1171,0.07629079767652464,0.1669886433317827
1172,0.08335693755046203,0.16466735121132073
1173,0.08128189262148429,0.17967214894714836
1174,0.07874290017147495,0.1664667160728553
1175,0.08343456600363977,0.18829715210684878
1176,0.07369261634905738,0.15475811606743356
1177,0.09605188766748887,0.17192639639321192
1178,0.07811334459246319,0.15990458827231316
1179,0.08345838399251328,0.16721420512135005
1180,0.07501938869218837,0.15869019187192987
1181,0.07761075073095061,0.16492638916227323
1182,0.07757313847583192,0.1684833136664975
1183,0.08455979753688629,0.16580394567018714
1184,0.07525513710748151,0.17721344581486284
1185,0.08767423607844103,0.16323559134335833
1186,0.09053145360783725,0.18049760558460134
1187,0.08431682724314883,0.16347953136159102
1188,0.07472041067652584,0.16221506141772285
1189,0.07473735145504799,0.16798191591538078
1190,0.08314158308025464,0.172092090208654
1191,0.11253041299958294,0.17098297281371544
1192,0.08294952509384328,0.1676422275768464
1193,0.07495937916183072,0.15481369452032656
1194,0.07730501509163183,0.16022516739217763
1195,0.0825604264088606,0.174236712568499
1196,0.08357914662452458,0.16545155691817331
1197,0.08178342147124114,0.1791743391412169
1198,0.1554564193854078,0.1795892534653479
1199,0.08002178071680753,0.17972952871315387
1200,0.07706381816350301,0.16436403584319753
1201,0.07416723279389989,0.16098340018754662
1202,0.08053086572133249,0.17803947793657357
1203,0.09252954074265982,0.15928172848607178
1204,0.08292432817317205,0.1811483897935198
1205,0.07832602467588165,0.17251895941603687
1206,0.07634740093320667,0.16862321857603554
1207,0.09183703672328473,0.16658850506337736
1208,0.07865334929838315,0.17813698180610513
1209,0.07910019576702987,0.16482291113410738
1210,0.07397658429684792,0.1728371022066819
1211,0.07544613785209833,0.17575908914403177
1212,0.07548181658129155,0.16835331418235241
1213,0.08164118781325531,0.18358830869065423
1214,0.07796695672361878,0.1648386956237729
1215,0.0749360263721696,0.17561740994341535
1216,0.0764540224753994,0.16769192534646765
1217,0.08160330562622393,0.1645707461761445
1218,0.0799086781414812,0.16905307761553595
1219,0.07535986458048666,0.1575989373933168
1220,0.07633681874110552,0.17490721108894094
1221,0.10149294695558038,0.17079558333985714
1222,0.08772448644922178,0.18336911513610665
1223,0.07451337139977417,0.1636309474317831
1224,0.07428596181156627,0.16177120683782725
1225,0.07556950354946357,0.16316056914018098
1226,0.08262786851278774,0.15588756106275076
1227,0.0849768086543341,0.17471268750092203
1228,0.0791988170183799,0.16429770139762737
1229,0.07524146969306407,0.160980246308778
1230,0.0806828795312356,0.17031542605655703
1231,0.07535228261503286,0.16666372399546536
1232,0.08141664058386938,0.15901705376291564
1233,0.08911320784430753,0.1759514417864704
1234,0.09214876197946213,0.17930582751465174
1235,0.07529673859894612,0.16918826193254313
1236,0.07334271179028788,0.15855298124772846
1237,0.07371705015856163,0.17001241499323008
1238,0.07307407908044086,0.15767461831194957
1239,0.08044187679451252,0.1663129905125897
1240,0.07492906746379539,0.15741091072982896
1241,0.0750999059293316,0.15345036231811554
1242,0.07392476061697013,0.15515372446640158
1243,0.07248547022990048,0.15393700827178386
1244,0.07302077355091423,0.16229669146097372
1245,0.08678093405378613,0.17285961075157918
1246,0.1045221024524069,0.17231393662277297
1247,0.08004253746145308,0.1685080255575073
1248,0.08122154573399859,0.1564288559401709
1249,0.08208824622886071,0.17094101213360824
1250,0.07456609843704466,0.1622431587322453
1251,0.07586872607705535,0.15752825200174822
1252,0.0745260043506917,0.1565345895510212
1253,0.07563983920167709,0.15822980085289629
1254,0.0815899320985114,0.17019330131917265
1255,0.0764411092366722,0.16222676884696752
1256,0.07349530229736445,0.16202310113302182
1257,0.07563904874884138,0.16606714384618435
1258,0.07330439215849624,0.15825196104032693
1259,0.07700107250441567,0.16047478271222732
1260,0.0742747371216529,0.1586838486350008
1261,0.07442353593377535,0.1582807795066758
1262,0.07340098239082644,0.15824266612770788
1263,0.07459477419177275,0.1638675040570914
1264,0.07484090397594591,0.16424134195693219
1265,0.0735661583450204,0.16637494478593545
1266,0.07300081732125827,0.1659476502796659
1267,0.0737093627392845,0.16015580181694258
1268,0.0730575391899364,0.1602456840031519
1269,0.08589704487995596,0.17188812078951113
1270,0.08953939847704855,0.16657455671570562
1271,0.08520091761342834,0.16289813694183586
1272,0.07532117408363957,0.1630074700785707
1273,0.07688118842439118,0.16187071691383687
1274,0.07401235289661626,0.1634420884194739
1275,0.08241697453390914,0.17884972335236052
1276,0.07496311250078388,0.16057728861459444
1277,0.07626087597580071,0.1605903858383305
1278,0.08858651952414796,0.1628298834379555
1279,0.08223159315067084,0.16042481773423717
1280,0.08563140292852571,0.15988942739294684
1281,0.0760558821477276,0.17131513314791225
1282,0.0754267269690772,0.1623880806438393
1283,0.07518799326493172,0.16841248781533563
1284,0.08725463344426196,0.16819273864860831
1285,0.09129032469182216,0.20124617414770576
1286,0.08941271939084824,0.18364967365465187
1287,0.07669012093326336,0.17483534885897595
1288,0.07413054849380595,0.1698556089191337
1289,0.07286576137382406,0.17488079445121057
1290,0.07235574881882267,0.17778340752296756
1291,0.0724374710135469,0.1704257193939434
1292,0.07222004789891942,0.16574582170120924
1293,0.08621387401712226,0.1939382825266446
1294,0.07659818120405482,0.16989673669664493
1295,0.0778731157322749,0.18903873300016308
1296,0.07503997718625335,0.15853342540857013
1297,0.07454243455343683,0.16314738930193565
1298,0.07299770973233277,0.16723959266829438
1299,0.07504508296690571,0.17385059326980795
1300,0.12974345291948536,0.17623684259900743
1301,0.0831422010917925,0.1958534198825533
1302,0.08171171923434296,0.18005305171034347
1303,0.07852939955825865,0.18941797909370936
1304,0.07327004672732909,0.166621562535754
1305,0.07663653235306694,0.1794376183819196
1306,0.07642201236337172,0.16911732006438865
1307,0.07515022431464564,0.1927991207174496
1308,0.07873853425764697,0.17011223485887317
1309,0.07511716941942699,0.1742999375160225
1310,0.0742393772357678,0.16545961858423774
1311,0.08545974563379853,0.16996553851644494
1312,0.0818104393744154,0.18090290114687282
1313,0.07256226923169312,0.16254638922492792
1314,0.0773639669653487,0.17899091238767728
1315,0.10091369261227905,0.16489358539908183
1316,0.13254746001035322,0.22102212433583515
1317,0.09025385990658526,0.1616088758792942
1318,0.08440979459814309,0.18030207563872705
1319,0.07963201184543092,0.15906100748276475
1320,0.086231290123369,0.1911492808960372
1321,0.0731073397147551,0.16131977591275679
1322,0.07208536826464182,0.17003177288908186
1323,0.07584243717448075,0.18313829945695342
1324,0.07278430137769996,0.18070717976502995
1325,0.07518612003186573,0.173792306530763
1326,0.07545559530153687,0.18623016183672536
1327,0.07171146351453478,0.1667979865964314
1328,0.07459911958862116,0.1787986922666254
1329,0.07431371493874221,0.17413890732674034
1330,0.07518858566166899,0.16639407414839455
1331,0.07185017761614043,0.15934414191506419
1332,0.07918758467869295,0.16282637397997338
1333,0.08429734220895316,0.1631560563641057
1334,0.0764047568449374,0.16428314720321066
1335,0.07190475678177843,0.15496962216144233
1336,0.0725777081002633,0.15410910278235
1337,0.07188534583840245,0.16907201082990844
1338,0.07588502644856142,0.1597112078290888
1339,0.07281472359588723,0.16225667574434707
1340,0.07129066432298924,0.16434678899443433
1341,0.0774734966529821,0.1633507520449622
1342,0.07168105725834187,0.16507378812367976
1343,0.07334239719700625,0.17107896772665024
1344,0.07450773695158115,0.17827184809416577
1345,0.07382408030338472,0.18145323203617456
1346,0.08074386471993203,0.16742781917596478
1347,0.07600336685048215,0.16850810119727688
1348,0.08146674687201065,0.15778576683638554
1349,0.0862762324694336,0.1762633027613415
1350,0.1248328340972547,0.17759015974152603
1351,0.07594646325669463,0.17133194048069036
1352,0.07508474348260305,0.1642412445668233
1353,0.08036395928311788,0.170026232815115
1354,0.07552101343771098,0.15281672192945756
1355,0.07664061641165186,0.16301954392133416
1356,0.0721188050923715,0.16024304268336456
1357,0.0846485295491674,0.16451885935634794
1358,0.07373442206532416,0.1745499049094037
1359,0.07485123138765676,0.1646404924021332
1360,0.07491597145890602,0.17610784157989914
1361,0.07607871136401331,0.17317640349386534
1362,0.07644512247694327,0.1759468312551675
1363,0.08333161295885669,0.1599971044518213
1364,0.08122248618524124,0.18983746376232244
1365,0.07657635037939689,0.16364934973585765
1366,0.072325250159394,0.16930699068642469
1367,0.07559212534776956,0.164843748559736
1368,0.07079193148728333,0.16954280459862198
1369,0.07151173133257857,0.1727083859820284
1370,0.07236797135331335,0.1779472941263535
1371,0.10441905693350945,0.1706445782471523
1372,0.0818987887652723,0.19731507367223775
1373,0.08905361706833555,0.16314101884099683
1374,0.08237426597244459,0.1886157881678431
1375,0.07440474590770106,0.16243658192087607
1376,0.0711512286714418,0.17164679100044528
1377,0.09045805072112617,0.20734010684958326
1378,0.07148861221186306,0.1706467896041395
1379,0.08524342744691427,0.16573949187906303
1380,0.08058862060423273,0.19082351856318197
1381,0.07330383302458723,0.16577113012924294
1382,0.074780975955568,0.16512664131044794
1383,0.08091122941656705,0.1580498311261243
1384,0.07134900791671377,0.16143490331026117
1385,0.07154950486630497,0.16018942301545216
1386,0.07517023155368606,0.1743141181854522
1387,0.0709280857276197,0.1599315980296072
1388,0.07126090992852302,0.16363236877977588
1389,0.07935286350560622,0.16483042292083033
1390,0.07765293914787703,0.17227948991550973
1391,0.07911250139338395,0.15786998630622082
1392,0.07231420787885896,0.16166851529908005
1393,0.07110571290766557,0.15725503238739857
1394,0.07144638710273378,0.1646678317205874
1395,0.0714039107787337,0.16219295635737
1396,0.07411299847220887,0.15496530386519286
1397,0.07413477153247514,0.1752306956764065
1398,0.07129069784837172,0.1564599495656426
1399,0.07349328507825936,0.17568063134992976
1400,0.07208553313567106,0.16866120867062329
1401,0.07796477585370702,0.17446237501042872
1402,0.08225727174615698,0.1822207384437276
1403,0.08880737823822932,0.1773327816167467
1404,0.07310497463926768,0.16533988798844473
1405,0.07604374983766367,0.15477943244259856
1406,0.07644238706889815,0.16209133897535383
1407,0.09210281532740114,0.20469959320293643
1408,0.07276902900079944,0.1614459837074709
1409,0.08072407035131306,0.18914548551104612
1410,0.09539147255023593,0.16520780397805088
1411,0.07460106221583133,0.17290517973839278
1412,0.07188923307153007,0.16584110648697722
1413,0.07777616022617066,0.1814368905273441
1414,0.07805442844141508,0.16187814233520392
1415,0.09779109839337694,0.18528044421892392
1416,0.09433826730723358,0.17580777859501331
1417,0.07591831722845042,0.1766028541997613
1418,0.08608017493764121,0.16358568315091698
1419,0.07352658036705637,0.15952780098625988
1420,0.07336926625202539,0.15796045783249374
1421,0.07345525861407902,0.16201132927340114
1422,0.07452496025395518,0.15800051404400953
1423,0.07032080542771726,0.16347745254516277
1424,0.0709393708718423,0.1663031745744926
1425,0.07760976369180501,0.16518592001838267
1426,0.07562263396743359,0.1808323084189668
1427,0.08248368914375276,0.16451231770038358
1428,0.08224399236623356,0.1881289098247211
1429,0.07225710957944614,0.16146033158421086
1430,0.07161550255559768,0.16527062283279856
1431,0.0885020965844005,0.1616325234752989
1432,0.0766357600439948,0.17108933602122922
1433,0.0771459230157755,0.16006299075592068
1434,0.0737368666872904,0.16142509517598416
1435,0.07987710886128313,0.1815649938508223
1436,0.08101221694699248,0.1640870672719474
1437,0.07788309164571874,0.20066675513428014
1438,0.07129609599210841,0.1674849898038716
1439,0.07028981008081113,0.17398696319945173
1440,0.07252775592605142,0.175511759546885
1441,0.06990356106437279,0.17420204443910628
1442,0.07227210711335637,0.1769812362612562
1443,0.0695062622988038,0.17139764031938973
1444,0.07221460688970999,0.17966365644485044
1445,0.0706186264866855,0.1734195550808954
1446,0.07094393458902815,0.18391321990160098
1447,0.09366597815625505,0.16950291090397968
1448,0.07616880980480278,0.19395799551835952
1449,0.07144766214002647,0.16026797216630392
1450,0.07175940188980551,0.15853685687378372
1451,0.07038848229887677,0.16260500116449778
1452,0.07063609409988492,0.16125906576346383
1453,0.07743452219643557,0.17871617732716857
1454,0.08506011405790276,0.16409803078959367
1455,0.10568024557156377,0.23167171241829562
1456,0.10282408415280961,0.16751139114376082
1457,0.1690909153030505,0.22866173932013087
1458,0.08801256703111561,0.16887624251593902
1459,0.08954843569357385,0.20280815553059087
1460,0.09956044231086052,0.18586925769050733
1461,0.08707643231777125,0.17641776439812693
1462,0.07670559498360571,0.17361734237698778
1463,0.07285772454555195,0.16762434970326823
1464,0.07116086826269175,0.1669789887687925
1465,0.07155126942192735,0.1672831631988657
1466,0.07037788012522414,0.1610547290839533
1467,0.07251693091108143,0.1619660111538584
1468,0.07418999381333652,0.1713910126738558
1469,0.08554790573534085,0.18613111981351457
1470,0.09880449009337494,0.17010341366274734
1471,0.09742344910820402,0.19328184859381653
1472,0.09432492043982035,0.17047995506810343
1473,0.09069407232007763,0.174926762277497
1474,0.07753895979636938,0.16233125900864315
1475,0.07399962441541232,0.16535493207395746
1476,0.07471116282503852,0.16507994111196986
1477,0.07239745242336865,0.17002148335290515
1478,0.07346992180039111,0.17278757419771992
1479,0.0714327195561536,0.17443095756487667
1480,0.0710493813021056,0.16760965790379093
1481,0.07113654217959806,0.15407518120349997
1482,0.07042975689865531,0.1674081893825169
1483,0.07103170474742843,0.15702659613589273
1484,0.07079445360728455,0.1563218827392913
1485,0.07439471265554227,0.1662328475372227
1486,0.07119861086114104,0.17357589748664004
1487,0.07282040354609844,0.17271699661180104
1488,0.0722951912951286,0.1584800516848848
1489,0.07834672113966576,0.17301879552147134
1490,0.06918011611028975,0.1651619521317218
1491,0.0701917575263127,0.16506739762592934
1492,0.07046199369076377,0.1589070622399888
1493,0.0714335949674186,0.15588321331393934
1494,0.07236864584786915,0.16740684892909546
1495,0.07755462177558299,0.16717917103966023
1496,0.07437098421337918,0.1921584921279013
1497,0.07009966934628557,0.16849750567119706
1498,0.06983836342450893,0.16618276789753508
1499,0.0841205053710779,0.18875576080121725
